auction_ending,buying_format,country,currency,details,extra_fields,img_url,item_category,item_main_category,item_main_category_id,item_source_category_id,item_source_sub_category_id,item_sub_category,item_title,item_url,location,make,model,price,price_original,serial_number,source_item_id,state,thumbnail_s3_path,thumbnail_url,vendor_address,vendor_address2,vendor_categories,vendor_city,vendor_comments,vendor_contact,vendor_contact2,vendor_contact2_designation,vendor_contact_designation,vendor_contact_url,vendor_country,vendor_email,vendor_email1,vendor_email2,vendor_email3,vendor_facebook,vendor_fax,vendor_linkedin,vendor_location,vendor_logo_url,vendor_manufacturers,vendor_name,vendor_phone,vendor_phone2,vendor_services,vendor_skype,vendor_state,vendor_twitter,vendor_url,vendor_website,vendor_zipcode,year
,sale,USA,,,,"//d22dk94hfc1k6q.cloudfront.net/pa/750-560/218599/41209511/41209511_1616802275_250.jpg,//d22dk94hfc1k6q.cloudfront.net/pa/750-560/218599/41209511/41209511_1616802275_772.jpg,//d22dk94hfc1k6q.cloudfront.net/pa/750-560/218599/41209511/41209511_1616802275_946.jpg,//d22dk94hfc1k6q.cloudfront.net/pa/750-560/218599/41209511/41209511_1616802275_248.jpg,//d22dk94hfc1k6q.cloudfront.net/pa/750-560/218599/41209511/41209511_1616802275_271.jpg,//d22dk94hfc1k6q.cloudfront.net/pa/750-560/218599/41209511/41209511_1616715866_895.jpg",Excavators,Construction Equipment,Construction Equipment,Excavators,Crawler Excavators,Crawler Excavators,Kubota KX080-4A,https://www.machineryzone.com/used/crawler-excavator/41209511/kubota-kx080-4a.html,USA,Kubota,KX080-4A,,,,,,,//d22dk94hfc1k6q.cloudfront.net/none/220-160/218599/41209511/41209511_1616715866_674.jpg,,,,,,,,,,,,,,,,,,,USA,,,Pittsfield Lawn & Tractor,,,,,,,,,,2017
,auction,,,,,,Excavators,Construction Equipment,Construction Equipment,Excavators,Crawler Excavators,Crawler Excavators,Caterpillar 315CL,https://www.machineryzone.com/used/crawler-excavator/1/3049/caterpillar.html,,,,,,,,,,//d22dk94hfc1k6q.cloudfront.net/none/220-160/337957/41207478/41207478_1616699591_224.jpg,,,,,,,,,,,,,,,,,,,,,,,,,,,,,,,,
,auction,,,,,,Excavators,Construction Equipment,Construction Equipment,Excavators,Crawler Excavators,Crawler Excavators,Sany SY335C,https://www.machineryzone.com/used/crawler-excavator/1/9494/sany.html,,,,,,,,,,//d22dk94hfc1k6q.cloudfront.net/none/220-160/337957/41207484/41207484_1616699600_239.jpg,,,,,,,,,,,,,,,,,,,,,,,,,,,,,,,,
,auction,,,,,,Excavators,Construction Equipment,Construction Equipment,Excavators,Crawler Excavators,Crawler Excavators,Caterpillar 315FL,https://www.machineryzone.com/used/crawler-excavator/1/3049/caterpillar.html,,,,,,,,,,//d22dk94hfc1k6q.cloudfront.net/none/220-160/337957/41208642/41208642_1616701721_669.jpg,,,,,,,,,,,,,,,,,,,,,,,,,,,,,,,,
,auction,,,,,,Excavators,Construction Equipment,Construction Equipment,Excavators,Crawler Excavators,Crawler Excavators,Caterpillar 330,https://www.machineryzone.com/used/crawler-excavator/1/3049/caterpillar.html,,,,,,,,,,//d22dk94hfc1k6q.cloudfront.net/none/220-160/337957/41208643/41208643_1616701724_727.jpg,,,,,,,,,,,,,,,,,,,,,,,,,,,,,,,,
,auction,,,,,,Excavators,Construction Equipment,Construction Equipment,Excavators,Crawler Excavators,Crawler Excavators,Komatsu PC490LC-10,https://www.machineryzone.com/used/crawler-excavator/1/3090/komatsu.html,,,,,,,,,,//d22dk94hfc1k6q.cloudfront.net/none/220-160/337957/41208795/41208795_1616702018_826.jpg,,,,,,,,,,,,,,,,,,,,,,,,,,,,,,,,
,auction,,,,,,Excavators,Construction Equipment,Construction Equipment,Excavators,Crawler Excavators,Crawler Excavators,Komatsu PC270LC-7L,https://www.machineryzone.com/used/crawler-excavator/1/3090/komatsu.html,,,,,,,,,,//d22dk94hfc1k6q.cloudfront.net/none/220-160/337957/41207485/41207485_1616699602_652.jpg,,,,,,,,,,,,,,,,,,,,,,,,,,,,,,,,
,auction,,,,,,Excavators,Construction Equipment,Construction Equipment,Excavators,Crawler Excavators,Crawler Excavators,Sany SY335C,https://www.machineryzone.com/used/crawler-excavator/1/9494/sany.html,,,,,,,,,,//d22dk94hfc1k6q.cloudfront.net/none/220-160/337957/41207486/41207486_1616699604_861.jpg,,,,,,,,,,,,,,,,,,,,,,,,,,,,,,,,
,auction,,,,,,Excavators,Construction Equipment,Construction Equipment,Excavators,Crawler Excavators,Crawler Excavators,JCB 8035ZTS,https://www.machineryzone.com/used/crawler-excavator/1/3514/jcb.html,,,,,,,,,,//d22dk94hfc1k6q.cloudfront.net/none/220-160/337957/41207845/41207845_1616700241_216.jpg,,,,,,,,,,,,,,,,,,,,,,,,,,,,,,,,
,auction,,,,,,Excavators,Construction Equipment,Construction Equipment,Excavators,Crawler Excavators,Crawler Excavators,Caterpillar 235B,https://www.machineryzone.com/used/crawler-excavator/1/3049/caterpillar.html,,,,,,,,,,//d22dk94hfc1k6q.cloudfront.net/none/220-160/337957/41207623/41207623_1616699835_862.jpg,,,,,,,,,,,,,,,,,,,,,,,,,,,,,,,,
,auction,,,,,,Excavators,Construction Equipment,Construction Equipment,Excavators,Crawler Excavators,Crawler Excavators,Case CX210,https://www.machineryzone.com/used/crawler-excavator/1/3391/case.html,,,,,,,,,,//d22dk94hfc1k6q.cloudfront.net/none/220-160/337957/41209152/41209152_1616702747_380.jpg,,,,,,,,,,,,,,,,,,,,,,,,,,,,,,,,
,auction,,,,,,Excavators,Construction Equipment,Construction Equipment,Excavators,Crawler Excavators,Crawler Excavators,Komatsu PC400,https://www.machineryzone.com/used/crawler-excavator/1/3090/komatsu.html,,,,,,,,,,//d22dk94hfc1k6q.cloudfront.net/none/220-160/337957/41209155/41209155_1616702753_216.jpg,,,,,,,,,,,,,,,,,,,,,,,,,,,,,,,,
,auction,,,,,,Excavators,Construction Equipment,Construction Equipment,Excavators,Crawler Excavators,Crawler Excavators,Caterpillar 330DL,https://www.machineryzone.com/used/crawler-excavator/1/3049/caterpillar.html,,,,,,,,,,//d22dk94hfc1k6q.cloudfront.net/none/220-160/337957/41209156/41209156_1616702755_783.jpg,,,,,,,,,,,,,,,,,,,,,,,,,,,,,,,,
,auction,,,,,,Excavators,Construction Equipment,Construction Equipment,Excavators,Crawler Excavators,Crawler Excavators,Case CX135,https://www.machineryzone.com/used/crawler-excavator/1/3391/case.html,,,,,,,,,,//d22dk94hfc1k6q.cloudfront.net/none/220-160/337957/41209154/41209154_1616702751_54.jpg,,,,,,,,,,,,,,,,,,,,,,,,,,,,,,,,
,auction,,,,,,Excavators,Construction Equipment,Construction Equipment,Excavators,Crawler Excavators,Crawler Excavators,Caterpillar 325CL,https://www.machineryzone.com/used/crawler-excavator/1/3049/caterpillar.html,,,,,,,,,,//d22dk94hfc1k6q.cloudfront.net/none/220-160/337957/41209267/41209267_1616702986_740.jpg,,,,,,,,,,,,,,,,,,,,,,,,,,,,,,,,
,auction,,,,,,Excavators,Construction Equipment,Construction Equipment,Excavators,Crawler Excavators,Crawler Excavators,Hitachi EX100-3,https://www.machineryzone.com/used/crawler-excavator/1/3078/hitachi.html,,,,,,,,,,//d22dk94hfc1k6q.cloudfront.net/none/220-160/337957/41209160/41209160_1616702764_49.jpg,,,,,,,,,,,,,,,,,,,,,,,,,,,,,,,,
,sale,USA,,,,"//d22dk94hfc1k6q.cloudfront.net/pa/750-560/304706/41135072/41135072_1615871384_2.jpg,//d22dk94hfc1k6q.cloudfront.net/pa/750-560/304706/41135072/41135072_1615871384_184.jpg,//d22dk94hfc1k6q.cloudfront.net/pa/750-560/304706/41135072/41135072_1615871384_809.jpg,//d22dk94hfc1k6q.cloudfront.net/pa/750-560/304706/41135072/41135072_1615871384_264.jpg,//d22dk94hfc1k6q.cloudfront.net/pa/750-560/304706/41135072/41135072_1615871384_538.jpg,//d22dk94hfc1k6q.cloudfront.net/pa/750-560/304706/41135072/41135072_1615871384_177.jpg,//d22dk94hfc1k6q.cloudfront.net/pa/750-560/304706/41135072/41135072_1615871384_368.jpg,//d22dk94hfc1k6q.cloudfront.net/pa/750-560/304706/41135072/41135072_1615871384_548.jpg,//d22dk94hfc1k6q.cloudfront.net/pa/750-560/304706/41135072/41135072_1615871384_814.jpg,//d22dk94hfc1k6q.cloudfront.net/pa/750-560/304706/41135072/41135072_1615871384_131.jpg",Excavators,Construction Equipment,Construction Equipment,Excavators,Crawler Excavators,Crawler Excavators,Caterpillar 336FL,https://www.machineryzone.com/used/crawler-excavator/41135072/caterpillar-336fl.html,USA,Caterpillar,336FL,,,,,,,//d22dk94hfc1k6q.cloudfront.net/none/220-160/304706/41135072/41135072_1615871384_2.jpg,,,,,,,,,,,,,,,,,,,USA,,,Caterpillar Financial Services Corporation,,,,,,,,,,2018
,sale,USA,,,,"//d22dk94hfc1k6q.cloudfront.net/pa/750-560/304706/41135073/41135073_1615871389_699.jpg,//d22dk94hfc1k6q.cloudfront.net/pa/750-560/304706/41135073/41135073_1615871389_805.jpg,//d22dk94hfc1k6q.cloudfront.net/pa/750-560/304706/41135073/41135073_1615871389_650.jpg,//d22dk94hfc1k6q.cloudfront.net/pa/750-560/304706/41135073/41135073_1615871389_385.jpg,//d22dk94hfc1k6q.cloudfront.net/pa/750-560/304706/41135073/41135073_1615871389_633.jpg,//d22dk94hfc1k6q.cloudfront.net/pa/750-560/304706/41135073/41135073_1615871389_100.jpg,//d22dk94hfc1k6q.cloudfront.net/pa/750-560/304706/41135073/41135073_1615871389_589.jpg,//d22dk94hfc1k6q.cloudfront.net/pa/750-560/304706/41135073/41135073_1615871389_271.jpg,//d22dk94hfc1k6q.cloudfront.net/pa/750-560/304706/41135073/41135073_1615871389_926.jpg,//d22dk94hfc1k6q.cloudfront.net/pa/750-560/304706/41135073/41135073_1615871389_852.jpg",Excavators,Construction Equipment,Construction Equipment,Excavators,Crawler Excavators,Crawler Excavators,Caterpillar 336FL,https://www.machineryzone.com/used/crawler-excavator/41135073/caterpillar-336fl.html,USA,Caterpillar,336FL,,,,,,,//d22dk94hfc1k6q.cloudfront.net/none/220-160/304706/41135073/41135073_1615871389_699.jpg,,,,,,,,,,,,,,,,,,,USA,,,CATERPILLAR FINANCIAL SERVICES CORPORATION,,,,,,,,,,2018
,sale,USA,,,,"//d22dk94hfc1k6q.cloudfront.net/pa/750-560/366101/41135091/41135091_1615872274_791.jpg,//d22dk94hfc1k6q.cloudfront.net/pa/750-560/366101/41135091/41135091_1615872274_162.jpg,//d22dk94hfc1k6q.cloudfront.net/pa/750-560/366101/41135091/41135091_1615872274_805.jpg,//d22dk94hfc1k6q.cloudfront.net/pa/750-560/366101/41135091/41135091_1615872274_420.jpg,//d22dk94hfc1k6q.cloudfront.net/pa/750-560/366101/41135091/41135091_1615872274_49.jpg,//d22dk94hfc1k6q.cloudfront.net/pa/750-560/366101/41135091/41135091_1615872274_421.jpg,//d22dk94hfc1k6q.cloudfront.net/pa/750-560/366101/41135091/41135091_1615872274_583.jpg,//d22dk94hfc1k6q.cloudfront.net/pa/750-560/366101/41135091/41135091_1615872274_529.jpg,//d22dk94hfc1k6q.cloudfront.net/pa/750-560/366101/41135091/41135091_1615872274_669.jpg,//d22dk94hfc1k6q.cloudfront.net/pa/750-560/366101/41135091/41135091_1615872274_891.jpg",Excavators,Construction Equipment,Construction Equipment,Excavators,Crawler Excavators,Crawler Excavators,Caterpillar 313FL TH,https://www.machineryzone.com/used/crawler-excavator/41135091/caterpillar-313fl-th.html,USA,Caterpillar,313FL TH,,,,,,,//d22dk94hfc1k6q.cloudfront.net/none/220-160/366101/41135091/41135091_1615872274_791.jpg,,,,,,,,,,,,,,,,,,,USA,,,CAROLINA  TRACTOR,,,,,,,,,,2019
,sale,USA,,,,"//d22dk94hfc1k6q.cloudfront.net/pa/750-560/304706/41135076/41135076_1615871469_807.jpg,//d22dk94hfc1k6q.cloudfront.net/pa/750-560/304706/41135076/41135076_1615871469_164.jpg,//d22dk94hfc1k6q.cloudfront.net/pa/750-560/304706/41135076/41135076_1615871469_518.jpg,//d22dk94hfc1k6q.cloudfront.net/pa/750-560/304706/41135076/41135076_1615871469_273.jpg,//d22dk94hfc1k6q.cloudfront.net/pa/750-560/304706/41135076/41135076_1615871469_637.jpg,//d22dk94hfc1k6q.cloudfront.net/pa/750-560/304706/41135076/41135076_1615871469_736.jpg,//d22dk94hfc1k6q.cloudfront.net/pa/750-560/304706/41135076/41135076_1615871469_732.jpg,//d22dk94hfc1k6q.cloudfront.net/pa/750-560/304706/41135076/41135076_1615871469_713.jpg,//d22dk94hfc1k6q.cloudfront.net/pa/750-560/304706/41135076/41135076_1615871469_954.jpg,//d22dk94hfc1k6q.cloudfront.net/pa/750-560/304706/41135076/41135076_1615871469_672.jpg",Excavators,Construction Equipment,Construction Equipment,Excavators,Crawler Excavators,Crawler Excavators,Caterpillar 336FL,https://www.machineryzone.com/used/crawler-excavator/41135076/caterpillar-336fl.html,USA,Caterpillar,336FL,,,,,,,//d22dk94hfc1k6q.cloudfront.net/none/220-160/304706/41135076/41135076_1615871469_807.jpg,,,,,,,,,,,,,,,,,,,USA,,,CATERPILLAR FINANCIAL SERVICES CORPORATION,,,,,,,,,,2017
,sale,USA,,,,"//d22dk94hfc1k6q.cloudfront.net/pa/750-560/304706/41135078/41135078_1615871534_477.jpg,//d22dk94hfc1k6q.cloudfront.net/pa/750-560/304706/41135078/41135078_1615871534_808.jpg,//d22dk94hfc1k6q.cloudfront.net/pa/750-560/304706/41135078/41135078_1615871534_909.jpg,//d22dk94hfc1k6q.cloudfront.net/pa/750-560/304706/41135078/41135078_1615871534_141.jpg,//d22dk94hfc1k6q.cloudfront.net/pa/750-560/304706/41135078/41135078_1615871534_856.jpg,//d22dk94hfc1k6q.cloudfront.net/pa/750-560/304706/41135078/41135078_1615871534_433.jpg,//d22dk94hfc1k6q.cloudfront.net/pa/750-560/304706/41135078/41135078_1615871534_373.jpg,//d22dk94hfc1k6q.cloudfront.net/pa/750-560/304706/41135078/41135078_1615871534_315.jpg,//d22dk94hfc1k6q.cloudfront.net/pa/750-560/304706/41135078/41135078_1615871534_246.jpg,//d22dk94hfc1k6q.cloudfront.net/pa/750-560/304706/41135078/41135078_1615871534_788.jpg",Excavators,Construction Equipment,Construction Equipment,Excavators,Crawler Excavators,Crawler Excavators,Caterpillar 336FL,https://www.machineryzone.com/used/crawler-excavator/41135078/caterpillar-336fl.html,USA,Caterpillar,336FL,,,,,,,//d22dk94hfc1k6q.cloudfront.net/none/220-160/304706/41135078/41135078_1615871534_477.jpg,,,,,,,,,,,,,,,,,,,USA,,,CATERPILLAR FINANCIAL SERVICES CORPORATION,,,,,,,,,,2016
,sale,USA,,,,"//d22dk94hfc1k6q.cloudfront.net/pa/750-560/304706/41135077/41135077_1615871529_28.jpg,//d22dk94hfc1k6q.cloudfront.net/pa/750-560/304706/41135077/41135077_1615871529_975.jpg,//d22dk94hfc1k6q.cloudfront.net/pa/750-560/304706/41135077/41135077_1615871529_757.jpg,//d22dk94hfc1k6q.cloudfront.net/pa/750-560/304706/41135077/41135077_1615871529_776.jpg,//d22dk94hfc1k6q.cloudfront.net/pa/750-560/304706/41135077/41135077_1615871529_906.jpg,//d22dk94hfc1k6q.cloudfront.net/pa/750-560/304706/41135077/41135077_1615871529_640.jpg,//d22dk94hfc1k6q.cloudfront.net/pa/750-560/304706/41135077/41135077_1615871529_345.jpg,//d22dk94hfc1k6q.cloudfront.net/pa/750-560/304706/41135077/41135077_1615871529_326.jpg,//d22dk94hfc1k6q.cloudfront.net/pa/750-560/304706/41135077/41135077_1615871529_359.jpg,//d22dk94hfc1k6q.cloudfront.net/pa/750-560/304706/41135077/41135077_1615871529_416.jpg",Excavators,Construction Equipment,Construction Equipment,Excavators,Crawler Excavators,Crawler Excavators,Caterpillar 336FL,https://www.machineryzone.com/used/crawler-excavator/41135077/caterpillar-336fl.html,USA,Caterpillar,336FL,,,,,,,//d22dk94hfc1k6q.cloudfront.net/none/220-160/304706/41135077/41135077_1615871529_28.jpg,,,,,,,,,,,,,,,,,,,USA,,,CATERPILLAR FINANCIAL SERVICES CORPORATION,,,,,,,,,,2018
,sale,USA,,,,"//d22dk94hfc1k6q.cloudfront.net/pa/750-560/304706/41135075/41135075_1615871463_568.jpg,//d22dk94hfc1k6q.cloudfront.net/pa/750-560/304706/41135075/41135075_1615871463_389.jpg,//d22dk94hfc1k6q.cloudfront.net/pa/750-560/304706/41135075/41135075_1615871463_609.jpg,//d22dk94hfc1k6q.cloudfront.net/pa/750-560/304706/41135075/41135075_1615871463_120.jpg,//d22dk94hfc1k6q.cloudfront.net/pa/750-560/304706/41135075/41135075_1615871463_865.jpg,//d22dk94hfc1k6q.cloudfront.net/pa/750-560/304706/41135075/41135075_1615871463_303.jpg,//d22dk94hfc1k6q.cloudfront.net/pa/750-560/304706/41135075/41135075_1615871463_49.jpg,//d22dk94hfc1k6q.cloudfront.net/pa/750-560/304706/41135075/41135075_1615871463_158.jpg,//d22dk94hfc1k6q.cloudfront.net/pa/750-560/304706/41135075/41135075_1615871463_641.jpg,//d22dk94hfc1k6q.cloudfront.net/pa/750-560/304706/41135075/41135075_1615871463_733.jpg",Excavators,Construction Equipment,Construction Equipment,Excavators,Crawler Excavators,Crawler Excavators,Caterpillar 336FL,https://www.machineryzone.com/used/crawler-excavator/41135075/caterpillar-336fl.html,USA,Caterpillar,336FL,,,,,,,//d22dk94hfc1k6q.cloudfront.net/none/220-160/304706/41135075/41135075_1615871463_568.jpg,,,,,,,,,,,,,,,,,,,USA,,,CATERPILLAR FINANCIAL SERVICES CORPORATION,,,,,,,,,,2016
,sale,USA,,,,"//d22dk94hfc1k6q.cloudfront.net/pa/750-560/304706/41135082/41135082_1615871879_95.jpg,//d22dk94hfc1k6q.cloudfront.net/pa/750-560/304706/41135082/41135082_1615871879_822.jpg,//d22dk94hfc1k6q.cloudfront.net/pa/750-560/304706/41135082/41135082_1615871879_809.jpg,//d22dk94hfc1k6q.cloudfront.net/pa/750-560/304706/41135082/41135082_1615871879_290.jpg,//d22dk94hfc1k6q.cloudfront.net/pa/750-560/304706/41135082/41135082_1615871879_852.jpg,//d22dk94hfc1k6q.cloudfront.net/pa/750-560/304706/41135082/41135082_1615871879_48.jpg,//d22dk94hfc1k6q.cloudfront.net/pa/750-560/304706/41135082/41135082_1615871879_537.jpg,//d22dk94hfc1k6q.cloudfront.net/pa/750-560/304706/41135082/41135082_1615871879_977.jpg,//d22dk94hfc1k6q.cloudfront.net/pa/750-560/304706/41135082/41135082_1615871879_369.jpg,//d22dk94hfc1k6q.cloudfront.net/pa/750-560/304706/41135082/41135082_1615871879_639.jpg",Excavators,Construction Equipment,Construction Equipment,Excavators,Crawler Excavators,Crawler Excavators,Caterpillar 336FL,https://www.machineryzone.com/used/crawler-excavator/41135082/caterpillar-336fl.html,USA,Caterpillar,336FL,,,,,,,//d22dk94hfc1k6q.cloudfront.net/none/220-160/304706/41135082/41135082_1615871879_95.jpg,,,,,,,,,,,,,,,,,,,USA,,,CATERPILLAR FINANCIAL SERVICES CORPORATION,,,,,,,,,,2017
,sale,USA,,,,"//d22dk94hfc1k6q.cloudfront.net/pa/750-560/367419/41135468/41135468_1616828360_578.jpg,//d22dk94hfc1k6q.cloudfront.net/pa/750-560/367419/41135468/41135468_1616828360_787.jpg,//d22dk94hfc1k6q.cloudfront.net/pa/750-560/367419/41135468/41135468_1616828360_850.jpg,//d22dk94hfc1k6q.cloudfront.net/pa/750-560/367419/41135468/41135468_1616828360_200.jpg,//d22dk94hfc1k6q.cloudfront.net/pa/750-560/367419/41135468/41135468_1616828360_334.jpg,//d22dk94hfc1k6q.cloudfront.net/pa/750-560/367419/41135468/41135468_1616828360_918.jpg,//d22dk94hfc1k6q.cloudfront.net/pa/750-560/367419/41135468/41135468_1616828360_185.jpg,//d22dk94hfc1k6q.cloudfront.net/pa/750-560/367419/41135468/41135468_1616828360_833.jpg,//d22dk94hfc1k6q.cloudfront.net/pa/750-560/367419/41135468/41135468_1616828360_386.jpg,//d22dk94hfc1k6q.cloudfront.net/pa/750-560/367419/41135468/41135468_1616828360_257.jpg",Excavators,Construction Equipment,Construction Equipment,Excavators,Crawler Excavators,Crawler Excavators,Caterpillar 325F LCR P,https://www.machineryzone.com/used/crawler-excavator/41135468/caterpillar-325f-lcr-p.html,USA,Caterpillar,325F LCR P,,,,,,,//d22dk94hfc1k6q.cloudfront.net/none/220-160/367419/41135468/41135468_1616394817_174.jpg,,,,,,,,,,,,,,,,,,,USA,,,EMPIRE MACHINERY CO,,,,,,,,,,2019
,sale,USA,,,,"//d22dk94hfc1k6q.cloudfront.net/pa/750-560/365557/41135080/41135080_1615871612_542.jpg,//d22dk94hfc1k6q.cloudfront.net/pa/750-560/365557/41135080/41135080_1615871612_952.jpg,//d22dk94hfc1k6q.cloudfront.net/pa/750-560/365557/41135080/41135080_1615871612_121.jpg,//d22dk94hfc1k6q.cloudfront.net/pa/750-560/365557/41135080/41135080_1615871612_212.jpg,//d22dk94hfc1k6q.cloudfront.net/pa/750-560/365557/41135080/41135080_1615871612_228.jpg,//d22dk94hfc1k6q.cloudfront.net/pa/750-560/365557/41135080/41135080_1615871612_242.jpg,//d22dk94hfc1k6q.cloudfront.net/pa/750-560/365557/41135080/41135080_1615871612_485.jpg,//d22dk94hfc1k6q.cloudfront.net/pa/750-560/365557/41135080/41135080_1615871612_208.jpg,//d22dk94hfc1k6q.cloudfront.net/pa/750-560/365557/41135080/41135080_1615871612_35.jpg",Excavators,Construction Equipment,Construction Equipment,Excavators,Crawler Excavators,Crawler Excavators,Caterpillar 310,https://www.machineryzone.com/used/crawler-excavator/41135080/caterpillar-310.html,USA,Caterpillar,310,,,,,,,//d22dk94hfc1k6q.cloudfront.net/none/220-160/365557/41135080/41135080_1615871612_542.jpg,,,,,,,,,,,,,,,,,,,USA,,,N C MACHINERY,,,,,,,,,,2019
,sale,USA,,,,"//d22dk94hfc1k6q.cloudfront.net/pa/750-560/369026/41134742/41134742_1615852895_878.jpg,//d22dk94hfc1k6q.cloudfront.net/pa/750-560/369026/41134742/41134742_1615852895_369.jpg,//d22dk94hfc1k6q.cloudfront.net/pa/750-560/369026/41134742/41134742_1615852895_396.jpg,//d22dk94hfc1k6q.cloudfront.net/pa/750-560/369026/41134742/41134742_1615852895_231.jpg",Excavators,Construction Equipment,Construction Equipment,Excavators,Crawler Excavators,Crawler Excavators,Kobelco SK300 LC-10,https://www.machineryzone.com/new/crawler-excavator/41134742/kobelco-sk300-lc-10.html,USA,Kobelco,SK300 LC-10,,,,,,,//d22dk94hfc1k6q.cloudfront.net/none/220-160/369026/41134742/41134742_1615852895_878.jpg,,,,,,,,,,,,,,,,,,,USA,,,Company Wrench,,,,,,,,,,2021
,sale,USA,,,,"//d22dk94hfc1k6q.cloudfront.net/pa/750-560/381368/41135117/41135117_1615873405_141.jpg,//d22dk94hfc1k6q.cloudfront.net/pa/750-560/381368/41135117/41135117_1615873405_727.jpg,//d22dk94hfc1k6q.cloudfront.net/pa/750-560/381368/41135117/41135117_1615873405_871.jpg,//d22dk94hfc1k6q.cloudfront.net/pa/750-560/381368/41135117/41135117_1615873405_127.jpg,//d22dk94hfc1k6q.cloudfront.net/pa/750-560/381368/41135117/41135117_1615873405_66.jpg,//d22dk94hfc1k6q.cloudfront.net/pa/750-560/381368/41135117/41135117_1615873405_401.jpg,//d22dk94hfc1k6q.cloudfront.net/pa/750-560/381368/41135117/41135117_1615873405_343.jpg,//d22dk94hfc1k6q.cloudfront.net/pa/750-560/381368/41135117/41135117_1615873405_905.jpg,//d22dk94hfc1k6q.cloudfront.net/pa/750-560/381368/41135117/41135117_1615873405_879.jpg",Excavators,Construction Equipment,Construction Equipment,Excavators,Crawler Excavators,Crawler Excavators,Caterpillar 323FL TC,https://www.machineryzone.com/used/crawler-excavator/41135117/caterpillar-323fl-tc.html,USA,Caterpillar,323FL TC,,,,,,,//d22dk94hfc1k6q.cloudfront.net/none/220-160/381368/41135117/41135117_1615873405_141.jpg,,,,,,,,,,,,,,,,,,,USA,,,WARREN CAT,,,,,,,,,,2016
,sale,USA,,,,"//d22dk94hfc1k6q.cloudfront.net/pa/750-560/366116/41135095/41135095_1615872297_570.jpg,//d22dk94hfc1k6q.cloudfront.net/pa/750-560/366116/41135095/41135095_1615872297_987.jpg,//d22dk94hfc1k6q.cloudfront.net/pa/750-560/366116/41135095/41135095_1615872297_440.jpg,//d22dk94hfc1k6q.cloudfront.net/pa/750-560/366116/41135095/41135095_1615872297_333.jpg,//d22dk94hfc1k6q.cloudfront.net/pa/750-560/366116/41135095/41135095_1615872297_977.jpg,//d22dk94hfc1k6q.cloudfront.net/pa/750-560/366116/41135095/41135095_1615872297_857.jpg,//d22dk94hfc1k6q.cloudfront.net/pa/750-560/366116/41135095/41135095_1615872297_513.jpg,//d22dk94hfc1k6q.cloudfront.net/pa/750-560/366116/41135095/41135095_1615872297_772.jpg,//d22dk94hfc1k6q.cloudfront.net/pa/750-560/366116/41135095/41135095_1615872297_12.jpg",Excavators,Construction Equipment,Construction Equipment,Excavators,Crawler Excavators,Crawler Excavators,Caterpillar 323FL TC,https://www.machineryzone.com/used/crawler-excavator/41135095/caterpillar-323fl-tc.html,USA,Caterpillar,323FL TC,,,,,,,//d22dk94hfc1k6q.cloudfront.net/none/220-160/366116/41135095/41135095_1615872297_570.jpg,,,,,,,,,,,,,,,,,,,USA,,,WARREN CAT,,,,,,,,,,2016
,sale,USA,,,,,Excavators,Construction Equipment,Construction Equipment,Excavators,Crawler Excavators,Crawler Excavators,Caterpillar 307E,https://www.machineryzone.com/used/crawler-excavator/41135131/caterpillar-307e.html,USA,Caterpillar,307E,,,,,,,nan,,,,,,,,,,,,,,,,,,,USA,,,YANCEY BROS. CO.,,,,,,,,,,2016
,sale,USA,,,,"//d22dk94hfc1k6q.cloudfront.net/pa/750-560/233144/41134938/41134938_1615868657_866.jpg,//d22dk94hfc1k6q.cloudfront.net/pa/750-560/233144/41134938/41134938_1615868657_937.jpg,//d22dk94hfc1k6q.cloudfront.net/pa/750-560/233144/41134938/41134938_1615868657_34.jpg,//d22dk94hfc1k6q.cloudfront.net/pa/750-560/233144/41134938/41134938_1615868657_57.jpg,//d22dk94hfc1k6q.cloudfront.net/pa/750-560/233144/41134938/41134938_1615868657_200.jpg,//d22dk94hfc1k6q.cloudfront.net/pa/750-560/233144/41134938/41134938_1615868657_160.jpg,//d22dk94hfc1k6q.cloudfront.net/pa/750-560/233144/41134938/41134938_1615868657_843.jpg",Excavators,Construction Equipment,Construction Equipment,Excavators,Crawler Excavators,Crawler Excavators,Caterpillar 349FL,https://www.machineryzone.com/used/crawler-excavator/41134938/caterpillar-349fl.html,USA,Caterpillar,349FL,,,,,,,//d22dk94hfc1k6q.cloudfront.net/none/220-160/233144/41134938/41134938_1615868657_866.jpg,,,,,,,,,,,,,,,,,,,USA,,,HOLT CAT,,,,,,,,,,2019
,sale,USA,,,,"//d22dk94hfc1k6q.cloudfront.net/pa/750-560/212560/41134960/41134960_1616645982_78.jpg,//d22dk94hfc1k6q.cloudfront.net/pa/750-560/212560/41134960/41134960_1616645982_13.jpg,//d22dk94hfc1k6q.cloudfront.net/pa/750-560/212560/41134960/41134960_1616645982_611.jpg,//d22dk94hfc1k6q.cloudfront.net/pa/750-560/212560/41134960/41134960_1616645982_687.jpg,//d22dk94hfc1k6q.cloudfront.net/pa/750-560/212560/41134960/41134960_1616645982_50.jpg,//d22dk94hfc1k6q.cloudfront.net/pa/750-560/212560/41134960/41134960_1616645982_579.jpg,//d22dk94hfc1k6q.cloudfront.net/pa/750-560/212560/41134960/41134960_1616645982_491.jpg,//d22dk94hfc1k6q.cloudfront.net/pa/750-560/212560/41134960/41134960_1616645982_52.jpg,//d22dk94hfc1k6q.cloudfront.net/pa/750-560/212560/41134960/41134960_1616645982_69.jpg,//d22dk94hfc1k6q.cloudfront.net/pa/750-560/212560/41134960/41134960_1616645982_994.jpg",Excavators,Construction Equipment,Construction Equipment,Excavators,Crawler Excavators,Crawler Excavators,Caterpillar 245B,https://www.machineryzone.com/used/crawler-excavator/41134960/caterpillar-245b.html,USA,Caterpillar,245B,,,,,,,//d22dk94hfc1k6q.cloudfront.net/none/220-160/212560/41134960/41134960_1616645982_78.jpg,,,,,,,,,,,,,,,,,,,USA,,,BLANCHARD MACHINERY COMPANY,,,,,,,,,,1992
,sale,USA,,,,"//d22dk94hfc1k6q.cloudfront.net/pa/750-560/212560/41134956/41134956_1616645930_313.jpg,//d22dk94hfc1k6q.cloudfront.net/pa/750-560/212560/41134956/41134956_1616645930_293.jpg,//d22dk94hfc1k6q.cloudfront.net/pa/750-560/212560/41134956/41134956_1616645930_351.jpg,//d22dk94hfc1k6q.cloudfront.net/pa/750-560/212560/41134956/41134956_1616645930_950.jpg,//d22dk94hfc1k6q.cloudfront.net/pa/750-560/212560/41134956/41134956_1616645930_448.jpg,//d22dk94hfc1k6q.cloudfront.net/pa/750-560/212560/41134956/41134956_1616645930_985.jpg,//d22dk94hfc1k6q.cloudfront.net/pa/750-560/212560/41134956/41134956_1616645930_786.jpg,//d22dk94hfc1k6q.cloudfront.net/pa/750-560/212560/41134956/41134956_1616645930_583.jpg,//d22dk94hfc1k6q.cloudfront.net/pa/750-560/212560/41134956/41134956_1616645930_246.jpg,//d22dk94hfc1k6q.cloudfront.net/pa/750-560/212560/41134956/41134956_1616645930_272.jpg",Excavators,Construction Equipment,Construction Equipment,Excavators,Crawler Excavators,Crawler Excavators,Caterpillar 324EL,https://www.machineryzone.com/used/crawler-excavator/41134956/caterpillar-324el.html,USA,Caterpillar,324EL,,,,,,,//d22dk94hfc1k6q.cloudfront.net/none/220-160/212560/41134956/41134956_1616645930_313.jpg,,,,,,,,,,,,,,,,,,,USA,,,BLANCHARD MACHINERY COMPANY,,,,,,,,,,2014
,sale,USA,,,,"//d22dk94hfc1k6q.cloudfront.net/pa/750-560/42472/41134916/41134916_1616653933_651.jpg,//d22dk94hfc1k6q.cloudfront.net/pa/750-560/42472/41134916/41134916_1616653933_687.jpg,//d22dk94hfc1k6q.cloudfront.net/pa/750-560/42472/41134916/41134916_1616653933_722.jpg,//d22dk94hfc1k6q.cloudfront.net/pa/750-560/42472/41134916/41134916_1616653933_897.jpg,//d22dk94hfc1k6q.cloudfront.net/pa/750-560/42472/41134916/41134916_1616653933_196.jpg,//d22dk94hfc1k6q.cloudfront.net/pa/750-560/42472/41134916/41134916_1616653933_959.jpg,//d22dk94hfc1k6q.cloudfront.net/pa/750-560/42472/41134916/41134916_1616653933_960.jpg,//d22dk94hfc1k6q.cloudfront.net/pa/750-560/42472/41134916/41134916_1616653933_99.jpg,//d22dk94hfc1k6q.cloudfront.net/pa/750-560/42472/41134916/41134916_1616653933_120.jpg,//d22dk94hfc1k6q.cloudfront.net/pa/750-560/42472/41134916/41134916_1616653933_715.jpg",Excavators,Construction Equipment,Construction Equipment,Excavators,Crawler Excavators,Crawler Excavators,Caterpillar 329FL,https://www.machineryzone.com/used/crawler-excavator/41134916/caterpillar-329fl.html,USA,Caterpillar,329FL,,,,,,,//d22dk94hfc1k6q.cloudfront.net/none/220-160/42472/41134916/41134916_1616653933_651.jpg,,,,,,,,,,,,,,,,,,,USA,,,"FOLEY, INC.",,,,,,,,,,2015
,sale,USA,,,,"//d22dk94hfc1k6q.cloudfront.net/pa/750-560/202064/41134691/41134691_1615852356_886.jpg,//d22dk94hfc1k6q.cloudfront.net/pa/750-560/202064/41134691/41134691_1615852356_893.jpg,//d22dk94hfc1k6q.cloudfront.net/pa/750-560/202064/41134691/41134691_1615852356_783.jpg,//d22dk94hfc1k6q.cloudfront.net/pa/750-560/202064/41134691/41134691_1615852356_811.jpg,//d22dk94hfc1k6q.cloudfront.net/pa/750-560/202064/41134691/41134691_1615852356_872.jpg,//d22dk94hfc1k6q.cloudfront.net/pa/750-560/202064/41134691/41134691_1615852356_200.jpg,//d22dk94hfc1k6q.cloudfront.net/pa/750-560/202064/41134691/41134691_1615852356_947.jpg,//d22dk94hfc1k6q.cloudfront.net/pa/750-560/202064/41134691/41134691_1615852356_398.jpg,//d22dk94hfc1k6q.cloudfront.net/pa/750-560/202064/41134691/41134691_1615852356_470.jpg,//d22dk94hfc1k6q.cloudfront.net/pa/750-560/202064/41134691/41134691_1615852356_416.jpg",Excavators,Construction Equipment,Construction Equipment,Excavators,Crawler Excavators,Crawler Excavators,Komatsu PC138US LC-8,https://www.machineryzone.com/used/crawler-excavator/41134691/komatsu-pc138us-lc-8.html,USA,Komatsu,PC138US LC-8,,,,,,,//d22dk94hfc1k6q.cloudfront.net/none/220-160/202064/41134691/41134691_1615852356_886.jpg,,,,,,,,,,,,,,,,,,,USA,,,Southeastern Equipment Corp,,,,,,,,,,2012
,sale,USA,,,,,Excavators,Construction Equipment,Construction Equipment,Excavators,Crawler Excavators,Crawler Excavators,Sany SY60C,https://www.machineryzone.com/new/crawler-excavator/41137236/sany-sy60c.html,USA,Sany,SY60C,,,,,,,nan,,,,,,,,,,,,,,,,,,,USA,,,NEWMAN TRACTOR,,,,,,,,,,2021
,sale,USA,,,,"//d22dk94hfc1k6q.cloudfront.net/pa/750-560/287749/41137263/41137263_1615940323_782.jpg,//d22dk94hfc1k6q.cloudfront.net/pa/750-560/287749/41137263/41137263_1615940323_489.jpg,//d22dk94hfc1k6q.cloudfront.net/pa/750-560/287749/41137263/41137263_1615940323_685.jpg,//d22dk94hfc1k6q.cloudfront.net/pa/750-560/287749/41137263/41137263_1615940323_166.jpg,//d22dk94hfc1k6q.cloudfront.net/pa/750-560/287749/41137263/41137263_1615940323_418.jpg,//d22dk94hfc1k6q.cloudfront.net/pa/750-560/287749/41137263/41137263_1615940323_330.jpg,//d22dk94hfc1k6q.cloudfront.net/pa/750-560/287749/41137263/41137263_1615940323_852.jpg,//d22dk94hfc1k6q.cloudfront.net/pa/750-560/287749/41137263/41137263_1615940323_729.jpg,//d22dk94hfc1k6q.cloudfront.net/pa/750-560/287749/41137263/41137263_1615940323_242.jpg,//d22dk94hfc1k6q.cloudfront.net/pa/750-560/287749/41137263/41137263_1615940323_709.jpg",Excavators,Construction Equipment,Construction Equipment,Excavators,Crawler Excavators,Crawler Excavators,Caterpillar 322CL,https://www.machineryzone.com/used/crawler-excavator/41137263/caterpillar-322cl.html,USA,Caterpillar,322CL,,,,,,,//d22dk94hfc1k6q.cloudfront.net/none/220-160/287749/41137263/41137263_1615940323_782.jpg,,,,,,,,,,,,,,,,,,,USA,,,Sound Heavy Machinery,,,,,,,,,,2002
,sale,USA,,,,"//d22dk94hfc1k6q.cloudfront.net/pa/750-560/202064/41134690/41134690_1615852352_733.jpg,//d22dk94hfc1k6q.cloudfront.net/pa/750-560/202064/41134690/41134690_1615852352_507.jpg,//d22dk94hfc1k6q.cloudfront.net/pa/750-560/202064/41134690/41134690_1615852352_914.jpg,//d22dk94hfc1k6q.cloudfront.net/pa/750-560/202064/41134690/41134690_1615852352_451.jpg,//d22dk94hfc1k6q.cloudfront.net/pa/750-560/202064/41134690/41134690_1615852352_957.jpg,//d22dk94hfc1k6q.cloudfront.net/pa/750-560/202064/41134690/41134690_1615852352_84.jpg,//d22dk94hfc1k6q.cloudfront.net/pa/750-560/202064/41134690/41134690_1615852352_381.jpg,//d22dk94hfc1k6q.cloudfront.net/pa/750-560/202064/41134690/41134690_1615852352_512.jpg,//d22dk94hfc1k6q.cloudfront.net/pa/750-560/202064/41134690/41134690_1615852352_262.jpg,//d22dk94hfc1k6q.cloudfront.net/pa/750-560/202064/41134690/41134690_1615852352_219.jpg",Excavators,Construction Equipment,Construction Equipment,Excavators,Crawler Excavators,Crawler Excavators,Komatsu PC138US LC-10,https://www.machineryzone.com/used/crawler-excavator/41134690/komatsu-pc138us-lc-10.html,USA,Komatsu,PC138US LC-10,,,,,,,//d22dk94hfc1k6q.cloudfront.net/none/220-160/202064/41134690/41134690_1615852352_733.jpg,,,,,,,,,,,,,,,,,,,USA,,,Southeastern Equipment Corp,,,,,,,,,,2014
,sale,USA,,,,"//d22dk94hfc1k6q.cloudfront.net/pa/750-560/365718/41135062/41135062_1615871178_192.jpg,//d22dk94hfc1k6q.cloudfront.net/pa/750-560/365718/41135062/41135062_1615871178_74.jpg,//d22dk94hfc1k6q.cloudfront.net/pa/750-560/365718/41135062/41135062_1615871178_763.jpg,//d22dk94hfc1k6q.cloudfront.net/pa/750-560/365718/41135062/41135062_1615871178_565.jpg,//d22dk94hfc1k6q.cloudfront.net/pa/750-560/365718/41135062/41135062_1615871178_154.jpg,//d22dk94hfc1k6q.cloudfront.net/pa/750-560/365718/41135062/41135062_1615871178_371.jpg,//d22dk94hfc1k6q.cloudfront.net/pa/750-560/365718/41135062/41135062_1615871178_18.jpg",Excavators,Construction Equipment,Construction Equipment,Excavators,Crawler Excavators,Crawler Excavators,Caterpillar 303.5E2,https://www.machineryzone.com/used/crawler-excavator/41135062/caterpillar-303-5e2.html,USA,Caterpillar,303.5E2,,,,,,,//d22dk94hfc1k6q.cloudfront.net/none/220-160/365718/41135062/41135062_1615871178_192.jpg,,,,,,,,,,,,,,,,,,,USA,,,PETERSON MACHINERY CO.,,,,,,,,,,2016
,sale,USA,,,,"//d22dk94hfc1k6q.cloudfront.net/pa/750-560/287749/41137264/41137264_1615940331_668.jpg,//d22dk94hfc1k6q.cloudfront.net/pa/750-560/287749/41137264/41137264_1615940331_962.jpg,//d22dk94hfc1k6q.cloudfront.net/pa/750-560/287749/41137264/41137264_1615940331_510.jpg,//d22dk94hfc1k6q.cloudfront.net/pa/750-560/287749/41137264/41137264_1615940331_189.jpg,//d22dk94hfc1k6q.cloudfront.net/pa/750-560/287749/41137264/41137264_1615940331_365.jpg,//d22dk94hfc1k6q.cloudfront.net/pa/750-560/287749/41137264/41137264_1615940331_390.jpg,//d22dk94hfc1k6q.cloudfront.net/pa/750-560/287749/41137264/41137264_1615940331_352.jpg,//d22dk94hfc1k6q.cloudfront.net/pa/750-560/287749/41137264/41137264_1615940331_358.jpg,//d22dk94hfc1k6q.cloudfront.net/pa/750-560/287749/41137264/41137264_1615940331_539.jpg,//d22dk94hfc1k6q.cloudfront.net/pa/750-560/287749/41137264/41137264_1615940331_97.jpg",Excavators,Construction Equipment,Construction Equipment,Excavators,Crawler Excavators,Crawler Excavators,Caterpillar 320CL,https://www.machineryzone.com/used/crawler-excavator/41137264/caterpillar-320cl.html,USA,Caterpillar,320CL,,,,,,,//d22dk94hfc1k6q.cloudfront.net/none/220-160/287749/41137264/41137264_1615940331_668.jpg,,,,,,,,,,,,,,,,,,,USA,,,Sound Heavy Machinery,,,,,,,,,,2004
,sale,USA,,,,"//d22dk94hfc1k6q.cloudfront.net/pa/750-560/346565/41137274/41137274_1615940408_641.jpg,//d22dk94hfc1k6q.cloudfront.net/pa/750-560/346565/41137274/41137274_1615940408_270.jpg,//d22dk94hfc1k6q.cloudfront.net/pa/750-560/346565/41137274/41137274_1615940408_227.jpg,//d22dk94hfc1k6q.cloudfront.net/pa/750-560/346565/41137274/41137274_1615940408_71.jpg,//d22dk94hfc1k6q.cloudfront.net/pa/750-560/346565/41137274/41137274_1615940408_316.jpg,//d22dk94hfc1k6q.cloudfront.net/pa/750-560/346565/41137274/41137274_1615940408_878.jpg,//d22dk94hfc1k6q.cloudfront.net/pa/750-560/346565/41137274/41137274_1615940408_203.jpg",Excavators,Construction Equipment,Construction Equipment,Excavators,Crawler Excavators,Crawler Excavators,Deere 290G LC,https://www.machineryzone.com/used/crawler-excavator/41137274/deere-290g-lc.html,USA,Deere,290G LC,,,,,,,//d22dk94hfc1k6q.cloudfront.net/none/220-160/346565/41137274/41137274_1615940408_641.jpg,,,,,,,,,,,,,,,,,,,USA,,,Erb Equipment Company,,,,,,,,,,2012
,sale,USA,,,,"//d22dk94hfc1k6q.cloudfront.net/pa/750-560/225129/41137234/41137234_1615940143_56.jpg,//d22dk94hfc1k6q.cloudfront.net/pa/750-560/225129/41137234/41137234_1615940143_549.jpg,//d22dk94hfc1k6q.cloudfront.net/pa/750-560/225129/41137234/41137234_1615940143_58.jpg,//d22dk94hfc1k6q.cloudfront.net/pa/750-560/225129/41137234/41137234_1615940143_86.jpg,//d22dk94hfc1k6q.cloudfront.net/pa/750-560/225129/41137234/41137234_1615940143_971.jpg,//d22dk94hfc1k6q.cloudfront.net/pa/750-560/225129/41137234/41137234_1615940143_284.jpg,//d22dk94hfc1k6q.cloudfront.net/pa/750-560/225129/41137234/41137234_1615940143_864.jpg,//d22dk94hfc1k6q.cloudfront.net/pa/750-560/225129/41137234/41137234_1615940143_946.jpg,//d22dk94hfc1k6q.cloudfront.net/pa/750-560/225129/41137234/41137234_1615940143_74.jpg,//d22dk94hfc1k6q.cloudfront.net/pa/750-560/225129/41137234/41137234_1615940143_281.jpg",Excavators,Construction Equipment,Construction Equipment,Excavators,Crawler Excavators,Crawler Excavators,Komatsu PC78MR-6,https://www.machineryzone.com/used/crawler-excavator/41137234/komatsu-pc78mr-6.html,USA,Komatsu,PC78MR-6,,,,,,,//d22dk94hfc1k6q.cloudfront.net/none/220-160/225129/41137234/41137234_1615940143_56.jpg,,,,,,,,,,,,,,,,,,,USA,,,ROAD MACHINERY & SUPPLIES CO. (IL),,,,,,,,,,2008
,sale,USA,,,,"//d22dk94hfc1k6q.cloudfront.net/pa/750-560/318385/41137294/41137294_1615940566_848.jpg,//d22dk94hfc1k6q.cloudfront.net/pa/750-560/318385/41137294/41137294_1615940566_158.jpg,//d22dk94hfc1k6q.cloudfront.net/pa/750-560/318385/41137294/41137294_1615940566_341.jpg,//d22dk94hfc1k6q.cloudfront.net/pa/750-560/318385/41137294/41137294_1615940566_86.jpg,//d22dk94hfc1k6q.cloudfront.net/pa/750-560/318385/41137294/41137294_1615940566_647.jpg,//d22dk94hfc1k6q.cloudfront.net/pa/750-560/318385/41137294/41137294_1615940566_956.jpg,//d22dk94hfc1k6q.cloudfront.net/pa/750-560/318385/41137294/41137294_1615940566_824.jpg,//d22dk94hfc1k6q.cloudfront.net/pa/750-560/318385/41137294/41137294_1615940566_877.jpg",Excavators,Construction Equipment,Construction Equipment,Excavators,Crawler Excavators,Crawler Excavators,Case CX145DSR,https://www.machineryzone.com/new/crawler-excavator/41137294/case-cx145dsr.html,USA,Case,CX145DSR,,,,,,,//d22dk94hfc1k6q.cloudfront.net/none/220-160/318385/41137294/41137294_1615940566_848.jpg,,,,,,,,,,,,,,,,,,,USA,,,Titan Machinery,,,,,,,,,,2019
,sale,USA,,,,"//d22dk94hfc1k6q.cloudfront.net/pa/750-560/204708/41137225/41137225_1615940104_426.jpg,//d22dk94hfc1k6q.cloudfront.net/pa/750-560/204708/41137225/41137225_1615940104_755.jpg,//d22dk94hfc1k6q.cloudfront.net/pa/750-560/204708/41137225/41137225_1615940104_57.jpg,//d22dk94hfc1k6q.cloudfront.net/pa/750-560/204708/41137225/41137225_1615940104_629.jpg,//d22dk94hfc1k6q.cloudfront.net/pa/750-560/204708/41137225/41137225_1615940104_886.jpg,//d22dk94hfc1k6q.cloudfront.net/pa/750-560/204708/41137225/41137225_1615940104_137.jpg,//d22dk94hfc1k6q.cloudfront.net/pa/750-560/204708/41137225/41137225_1615940104_468.jpg,//d22dk94hfc1k6q.cloudfront.net/pa/750-560/204708/41137225/41137225_1615940104_94.jpg,//d22dk94hfc1k6q.cloudfront.net/pa/750-560/204708/41137225/41137225_1615940104_963.jpg,//d22dk94hfc1k6q.cloudfront.net/pa/750-560/204708/41137225/41137225_1615940104_781.jpg",Excavators,Construction Equipment,Construction Equipment,Excavators,Crawler Excavators,Crawler Excavators,Bobcat E85,https://www.machineryzone.com/used/crawler-excavator/41137225/bobcat-e85.html,USA,Bobcat,E85,,,,,,,//d22dk94hfc1k6q.cloudfront.net/none/220-160/204708/41137225/41137225_1615940104_426.jpg,,,,,,,,,,,,,,,,,,,USA,,,BROOKSIDE EQUIPMENT,,,,,,,,,,2015
,sale,USA,,,,"//d22dk94hfc1k6q.cloudfront.net/pa/750-560/219961/41142297/41142297_1616024835_832.jpg,//d22dk94hfc1k6q.cloudfront.net/pa/750-560/219961/41142297/41142297_1616024835_282.jpg,//d22dk94hfc1k6q.cloudfront.net/pa/750-560/219961/41142297/41142297_1616024835_414.jpg,//d22dk94hfc1k6q.cloudfront.net/pa/750-560/219961/41142297/41142297_1616024835_524.jpg,//d22dk94hfc1k6q.cloudfront.net/pa/750-560/219961/41142297/41142297_1616024835_756.jpg,//d22dk94hfc1k6q.cloudfront.net/pa/750-560/219961/41142297/41142297_1616024835_891.jpg,//d22dk94hfc1k6q.cloudfront.net/pa/750-560/219961/41142297/41142297_1616024835_867.jpg,//d22dk94hfc1k6q.cloudfront.net/pa/750-560/219961/41142297/41142297_1616024835_763.jpg,//d22dk94hfc1k6q.cloudfront.net/pa/750-560/219961/41142297/41142297_1616024835_1.jpg,//d22dk94hfc1k6q.cloudfront.net/pa/750-560/219961/41142297/41142297_1616024835_406.jpg",Excavators,Construction Equipment,Construction Equipment,Excavators,Crawler Excavators,Crawler Excavators,Caterpillar 321C LCR,https://www.machineryzone.com/used/crawler-excavator/41142297/caterpillar-321c-lcr.html,USA,Caterpillar,321C LCR,,,,,,,//d22dk94hfc1k6q.cloudfront.net/none/220-160/219961/41142297/41142297_1616024835_832.jpg,,,,,,,,,,,,,,,,,,,USA,,,Weaco Equipment,,,,,,,,,,2005
,sale,USA,,,,"//d22dk94hfc1k6q.cloudfront.net/pa/750-560/346565/41137273/41137273_1615940405_11.jpg,//d22dk94hfc1k6q.cloudfront.net/pa/750-560/346565/41137273/41137273_1615940405_498.jpg,//d22dk94hfc1k6q.cloudfront.net/pa/750-560/346565/41137273/41137273_1615940405_130.jpg,//d22dk94hfc1k6q.cloudfront.net/pa/750-560/346565/41137273/41137273_1615940405_369.jpg,//d22dk94hfc1k6q.cloudfront.net/pa/750-560/346565/41137273/41137273_1615940406_936.jpg,//d22dk94hfc1k6q.cloudfront.net/pa/750-560/346565/41137273/41137273_1615940406_273.jpg,//d22dk94hfc1k6q.cloudfront.net/pa/750-560/346565/41137273/41137273_1615940406_530.jpg,//d22dk94hfc1k6q.cloudfront.net/pa/750-560/346565/41137273/41137273_1615940406_841.jpg",Excavators,Construction Equipment,Construction Equipment,Excavators,Crawler Excavators,Crawler Excavators,Deere 470G LC,https://www.machineryzone.com/used/crawler-excavator/41137273/deere-470g-lc.html,USA,Deere,470G LC,,,,,,,//d22dk94hfc1k6q.cloudfront.net/none/220-160/346565/41137273/41137273_1615940405_11.jpg,,,,,,,,,,,,,,,,,,,USA,,,Erb Equipment Company,,,,,,,,,,2018
,sale,USA,,,,"//d22dk94hfc1k6q.cloudfront.net/pa/750-560/346565/41137272/41137272_1615940404_508.jpg,//d22dk94hfc1k6q.cloudfront.net/pa/750-560/346565/41137272/41137272_1615940404_492.jpg,//d22dk94hfc1k6q.cloudfront.net/pa/750-560/346565/41137272/41137272_1615940404_823.jpg",Excavators,Construction Equipment,Construction Equipment,Excavators,Crawler Excavators,Crawler Excavators,Deere 350G LC,https://www.machineryzone.com/used/crawler-excavator/41137272/deere-350g-lc.html,USA,Deere,350G LC,,,,,,,//d22dk94hfc1k6q.cloudfront.net/none/220-160/346565/41137272/41137272_1615940404_508.jpg,,,,,,,,,,,,,,,,,,,USA,,,Erb Equipment Company,,,,,,,,,,2016
,sale,USA,,,,,Excavators,Construction Equipment,Construction Equipment,Excavators,Crawler Excavators,Crawler Excavators,Kobelco SK85CS-7,https://www.machineryzone.com/used/crawler-excavator/41142353/kobelco-sk85cs-7.html,USA,Kobelco,SK85CS-7,,,,,,,nan,,,,,,,,,,,,,,,,,,,USA,,,ILLINOIS TRUCK & EQ,,,,,,,,,,2021
,sale,USA,,,,,Excavators,Construction Equipment,Construction Equipment,Excavators,Crawler Excavators,Crawler Excavators,Kobelco SK85CS-7,https://www.machineryzone.com/used/crawler-excavator/41142352/kobelco-sk85cs-7.html,USA,Kobelco,SK85CS-7,,,,,,,nan,,,,,,,,,,,,,,,,,,,USA,,,ILLINOIS TRUCK & EQ,,,,,,,,,,2021
,sale,USA,,,,,Excavators,Construction Equipment,Construction Equipment,Excavators,Crawler Excavators,Crawler Excavators,Caterpillar 235,https://www.machineryzone.com/used/crawler-excavator/41142364/caterpillar-235.html,USA,Caterpillar,235,,,,,,,nan,,,,,,,,,,,,,,,,,,,USA,,,Titan Machinery,,,,,,,,,,1989
,sale,USA,,,,"//d22dk94hfc1k6q.cloudfront.net/pa/750-560/370922/41142345/41142345_1616025097_330.jpg,//d22dk94hfc1k6q.cloudfront.net/pa/750-560/370922/41142345/41142345_1616025097_168.jpg,//d22dk94hfc1k6q.cloudfront.net/pa/750-560/370922/41142345/41142345_1616025097_174.jpg,//d22dk94hfc1k6q.cloudfront.net/pa/750-560/370922/41142345/41142345_1616025097_574.jpg,//d22dk94hfc1k6q.cloudfront.net/pa/750-560/370922/41142345/41142345_1616025097_640.jpg,//d22dk94hfc1k6q.cloudfront.net/pa/750-560/370922/41142345/41142345_1616025097_877.jpg,//d22dk94hfc1k6q.cloudfront.net/pa/750-560/370922/41142345/41142345_1616025097_313.jpg,//d22dk94hfc1k6q.cloudfront.net/pa/750-560/370922/41142345/41142345_1616025097_353.jpg,//d22dk94hfc1k6q.cloudfront.net/pa/750-560/370922/41142345/41142345_1616025097_105.jpg,//d22dk94hfc1k6q.cloudfront.net/pa/750-560/370922/41142345/41142345_1616025097_779.jpg",Excavators,Construction Equipment,Construction Equipment,Excavators,Crawler Excavators,Crawler Excavators,Volvo EC210CL,https://www.machineryzone.com/used/crawler-excavator/41142345/volvo-ec210cl.html,USA,Volvo,EC210CL,,,,,,,//d22dk94hfc1k6q.cloudfront.net/none/220-160/370922/41142345/41142345_1616025097_330.jpg,,,,,,,,,,,,,,,,,,,USA,,,Arrow Machinery Co.,,,,,,,,,,2007
,sale,USA,,,,"//d22dk94hfc1k6q.cloudfront.net/pa/750-560/451983/41142387/41142387_1616025438_783.jpg,//d22dk94hfc1k6q.cloudfront.net/pa/750-560/451983/41142387/41142387_1616025438_616.jpg,//d22dk94hfc1k6q.cloudfront.net/pa/750-560/451983/41142387/41142387_1616025438_442.jpg,//d22dk94hfc1k6q.cloudfront.net/pa/750-560/451983/41142387/41142387_1616025438_150.jpg,//d22dk94hfc1k6q.cloudfront.net/pa/750-560/451983/41142387/41142387_1616025438_739.jpg,//d22dk94hfc1k6q.cloudfront.net/pa/750-560/451983/41142387/41142387_1616025438_749.jpg,//d22dk94hfc1k6q.cloudfront.net/pa/750-560/451983/41142387/41142387_1616025438_662.jpg,//d22dk94hfc1k6q.cloudfront.net/pa/750-560/451983/41142387/41142387_1616025438_221.jpg,//d22dk94hfc1k6q.cloudfront.net/pa/750-560/451983/41142387/41142387_1616025438_940.jpg,//d22dk94hfc1k6q.cloudfront.net/pa/750-560/451983/41142387/41142387_1616025438_33.jpg",Excavators,Construction Equipment,Construction Equipment,Excavators,Crawler Excavators,Crawler Excavators,Komatsu PC220 LC-6,https://www.machineryzone.com/used/crawler-excavator/41142387/komatsu-pc220-lc-6.html,USA,Komatsu,PC220 LC-6,,,,,,,//d22dk94hfc1k6q.cloudfront.net/none/220-160/451983/41142387/41142387_1616025438_783.jpg,,,,,,,,,,,,,,,,,,,USA,,,RMB Equipment,,,,,,,,,,2004
,sale,USA,,,,"//d22dk94hfc1k6q.cloudfront.net/pa/750-560/1873290/41142244/41142244_1616020136_675.jpg,//d22dk94hfc1k6q.cloudfront.net/pa/750-560/1873290/41142244/41142244_1616020136_739.jpg,//d22dk94hfc1k6q.cloudfront.net/pa/750-560/1873290/41142244/41142244_1616020137_134.jpg,//d22dk94hfc1k6q.cloudfront.net/pa/750-560/1873290/41142244/41142244_1616020137_894.jpg,//d22dk94hfc1k6q.cloudfront.net/pa/750-560/1873290/41142244/41142244_1616020137_812.jpg,//d22dk94hfc1k6q.cloudfront.net/pa/750-560/1873290/41142244/41142244_1616020137_907.jpg,//d22dk94hfc1k6q.cloudfront.net/pa/750-560/1873290/41142244/41142244_1616020138_205.jpg,//d22dk94hfc1k6q.cloudfront.net/pa/750-560/1873290/41142244/41142244_1616020138_189.jpg,//d22dk94hfc1k6q.cloudfront.net/pa/750-560/1873290/41142244/41142244_1616020138_173.jpg,//d22dk94hfc1k6q.cloudfront.net/pa/750-560/1873290/41142244/41142244_1616020138_573.jpg",Excavators,Construction Equipment,Construction Equipment,Excavators,Crawler Excavators,Crawler Excavators,Caterpillar 336EL,https://www.machineryzone.com/used/crawler-excavator/41142244/caterpillar-336el.html,USA,Caterpillar,336EL,,,,,,,//d22dk94hfc1k6q.cloudfront.net/none/220-160/1873290/41142244/41142244_1616020136_675.jpg,,,,,,,,,,,,,,,,,,,USA,,,North Branch Construction,,,,,,,,,,2013
,sale,USA,,,,"//d22dk94hfc1k6q.cloudfront.net/pa/750-560/488465/41163848/41163848_1616112304_50.jpg,//d22dk94hfc1k6q.cloudfront.net/pa/750-560/488465/41163848/41163848_1616112304_406.jpg,//d22dk94hfc1k6q.cloudfront.net/pa/750-560/488465/41163848/41163848_1616112304_984.jpg,//d22dk94hfc1k6q.cloudfront.net/pa/750-560/488465/41163848/41163848_1616112304_952.jpg,//d22dk94hfc1k6q.cloudfront.net/pa/750-560/488465/41163848/41163848_1616112304_137.jpg,//d22dk94hfc1k6q.cloudfront.net/pa/750-560/488465/41163848/41163848_1616112304_706.jpg,//d22dk94hfc1k6q.cloudfront.net/pa/750-560/488465/41163848/41163848_1616112304_921.jpg,//d22dk94hfc1k6q.cloudfront.net/pa/750-560/488465/41163848/41163848_1616112304_729.jpg,//d22dk94hfc1k6q.cloudfront.net/pa/750-560/488465/41163848/41163848_1616112304_63.jpg",Excavators,Construction Equipment,Construction Equipment,Excavators,Crawler Excavators,Crawler Excavators,Hitachi ZX85USB-3,https://www.machineryzone.com/used/crawler-excavator/41163848/hitachi-zx85usb-3.html,USA,Hitachi,ZX85USB-3,,,,,,,//d22dk94hfc1k6q.cloudfront.net/none/220-160/488465/41163848/41163848_1616112304_50.jpg,,,,,,,,,,,,,,,,,,,USA,,,D&B Construction Equipment,,,,,,,,,,2013
,sale,USA,,,,"//d22dk94hfc1k6q.cloudfront.net/pa/750-560/440181/41163789/41163789_1616111671_679.jpg,//d22dk94hfc1k6q.cloudfront.net/pa/750-560/440181/41163789/41163789_1616111671_496.jpg,//d22dk94hfc1k6q.cloudfront.net/pa/750-560/440181/41163789/41163789_1616111671_232.jpg,//d22dk94hfc1k6q.cloudfront.net/pa/750-560/440181/41163789/41163789_1616111671_905.jpg,//d22dk94hfc1k6q.cloudfront.net/pa/750-560/440181/41163789/41163789_1616111671_328.jpg,//d22dk94hfc1k6q.cloudfront.net/pa/750-560/440181/41163789/41163789_1616111671_816.jpg,//d22dk94hfc1k6q.cloudfront.net/pa/750-560/440181/41163789/41163789_1616111671_537.jpg,//d22dk94hfc1k6q.cloudfront.net/pa/750-560/440181/41163789/41163789_1616111671_565.jpg,//d22dk94hfc1k6q.cloudfront.net/pa/750-560/440181/41163789/41163789_1616111671_837.jpg,//d22dk94hfc1k6q.cloudfront.net/pa/750-560/440181/41163789/41163789_1616111671_500.jpg",Excavators,Construction Equipment,Construction Equipment,Excavators,Crawler Excavators,Crawler Excavators,Komatsu PC120 LC-6,https://www.machineryzone.com/used/crawler-excavator/41163789/komatsu-pc120-lc-6.html,USA,Komatsu,PC120 LC-6,,,,,,,//d22dk94hfc1k6q.cloudfront.net/none/220-160/440181/41163789/41163789_1616111671_679.jpg,,,,,,,,,,,,,,,,,,,USA,,,Peak Equipment,,,,,,,,,,2005
,sale,USA,,,,,Excavators,Construction Equipment,Construction Equipment,Excavators,Crawler Excavators,Crawler Excavators,Sany SY235C,https://www.machineryzone.com/used/crawler-excavator/41142268/sany-sy235c.html,USA,Sany,SY235C,,,,,,,nan,,,,,,,,,,,,,,,,,,,USA,,,Central Atlanta Tractor,,,,,,,,,,2016
,sale,USA,,,,"//d22dk94hfc1k6q.cloudfront.net/pa/750-560/1863256/41142156/41142156_1616017296_289.jpg,//d22dk94hfc1k6q.cloudfront.net/pa/750-560/1863256/41142156/41142156_1616017296_565.jpg,//d22dk94hfc1k6q.cloudfront.net/pa/750-560/1863256/41142156/41142156_1616017297_848.jpg,//d22dk94hfc1k6q.cloudfront.net/pa/750-560/1863256/41142156/41142156_1616017297_54.jpg,//d22dk94hfc1k6q.cloudfront.net/pa/750-560/1863256/41142156/41142156_1616017297_904.jpg,//d22dk94hfc1k6q.cloudfront.net/pa/750-560/1863256/41142156/41142156_1616017297_267.jpg,//d22dk94hfc1k6q.cloudfront.net/pa/750-560/1863256/41142156/41142156_1616017298_863.jpg,//d22dk94hfc1k6q.cloudfront.net/pa/750-560/1863256/41142156/41142156_1616017298_980.jpg,//d22dk94hfc1k6q.cloudfront.net/pa/750-560/1863256/41142156/41142156_1616017298_412.jpg,//d22dk94hfc1k6q.cloudfront.net/pa/750-560/1863256/41142156/41142156_1616017298_55.jpg",Excavators,Construction Equipment,Construction Equipment,Excavators,Crawler Excavators,Crawler Excavators,Volvo EC380DL,https://www.machineryzone.com/used/crawler-excavator/41142156/volvo-ec380dl.html,USA,Volvo,EC380DL,,,,,,,//d22dk94hfc1k6q.cloudfront.net/none/220-160/1863256/41142156/41142156_1616017296_289.jpg,,,,,,,,,,,,,,,,,,,USA,,,CONSTRUCTION TRADERS USA LLC,,,,,,,,,,2015
,sale,,,,,,Excavators,Construction Equipment,Construction Equipment,Excavators,Crawler Excavators,Crawler Excavators,Kobelco SK140SR LC-5,https://www.machineryzone.com/used/crawler-excavator/1/3088/kobelco.html,,,,,,,,,,//d22dk94hfc1k6q.cloudfront.net/none/220-160/488042/41142399/41142399_1616025691_802.jpg,,,,,,,,,,,,,,,,,,,,,,,,,,,,,,,,
,sale,USA,,,,"//d22dk94hfc1k6q.cloudfront.net/pa/750-560/367419/41164609/41164609_1616828220_67.jpg,//d22dk94hfc1k6q.cloudfront.net/pa/750-560/367419/41164609/41164609_1616828220_325.jpg,//d22dk94hfc1k6q.cloudfront.net/pa/750-560/367419/41164609/41164609_1616828220_604.jpg,//d22dk94hfc1k6q.cloudfront.net/pa/750-560/367419/41164609/41164609_1616828220_775.jpg,//d22dk94hfc1k6q.cloudfront.net/pa/750-560/367419/41164609/41164609_1616828220_58.jpg,//d22dk94hfc1k6q.cloudfront.net/pa/750-560/367419/41164609/41164609_1616828220_915.jpg,//d22dk94hfc1k6q.cloudfront.net/pa/750-560/367419/41164609/41164609_1616828220_588.jpg,//d22dk94hfc1k6q.cloudfront.net/pa/750-560/367419/41164609/41164609_1616828220_441.jpg,//d22dk94hfc1k6q.cloudfront.net/pa/750-560/367419/41164609/41164609_1616828220_685.jpg,//d22dk94hfc1k6q.cloudfront.net/pa/750-560/367419/41164609/41164609_1616828220_221.jpg",Excavators,Construction Equipment,Construction Equipment,Excavators,Crawler Excavators,Crawler Excavators,Caterpillar 308-07,https://www.machineryzone.com/used/crawler-excavator/41164609/caterpillar-308-07.html,USA,Caterpillar,308-07,,,,,,,//d22dk94hfc1k6q.cloudfront.net/none/220-160/367419/41164609/41164609_1616394680_520.jpg,,,,,,,,,,,,,,,,,,,USA,,,EMPIRE MACHINERY CO,,,,,,,,,,2021
,sale,USA,,,,"//d22dk94hfc1k6q.cloudfront.net/pa/750-560/367419/41164610/41164610_1616828225_200.jpg,//d22dk94hfc1k6q.cloudfront.net/pa/750-560/367419/41164610/41164610_1616828225_164.jpg,//d22dk94hfc1k6q.cloudfront.net/pa/750-560/367419/41164610/41164610_1616828225_501.jpg,//d22dk94hfc1k6q.cloudfront.net/pa/750-560/367419/41164610/41164610_1616828225_210.jpg,//d22dk94hfc1k6q.cloudfront.net/pa/750-560/367419/41164610/41164610_1616828225_663.jpg,//d22dk94hfc1k6q.cloudfront.net/pa/750-560/367419/41164610/41164610_1616828225_815.jpg,//d22dk94hfc1k6q.cloudfront.net/pa/750-560/367419/41164610/41164610_1616828225_881.jpg,//d22dk94hfc1k6q.cloudfront.net/pa/750-560/367419/41164610/41164610_1616828225_32.jpg,//d22dk94hfc1k6q.cloudfront.net/pa/750-560/367419/41164610/41164610_1616828225_516.jpg,//d22dk94hfc1k6q.cloudfront.net/pa/750-560/367419/41164610/41164610_1616828225_498.jpg",Excavators,Construction Equipment,Construction Equipment,Excavators,Crawler Excavators,Crawler Excavators,Caterpillar 325-07   P,https://www.machineryzone.com/used/crawler-excavator/41164610/caterpillar-325-07-p.html,USA,Caterpillar,325-07   P,,,,,,,//d22dk94hfc1k6q.cloudfront.net/none/220-160/367419/41164610/41164610_1616394686_240.jpg,,,,,,,,,,,,,,,,,,,USA,,,EMPIRE MACHINERY CO,,,,,,,,,,2021
,sale,USA,,,,"//d22dk94hfc1k6q.cloudfront.net/pa/750-560/367419/41164612/41164612_1616828250_862.jpg,//d22dk94hfc1k6q.cloudfront.net/pa/750-560/367419/41164612/41164612_1616828250_398.jpg,//d22dk94hfc1k6q.cloudfront.net/pa/750-560/367419/41164612/41164612_1616828250_882.jpg,//d22dk94hfc1k6q.cloudfront.net/pa/750-560/367419/41164612/41164612_1616828250_775.jpg,//d22dk94hfc1k6q.cloudfront.net/pa/750-560/367419/41164612/41164612_1616828250_766.jpg,//d22dk94hfc1k6q.cloudfront.net/pa/750-560/367419/41164612/41164612_1616828250_675.jpg,//d22dk94hfc1k6q.cloudfront.net/pa/750-560/367419/41164612/41164612_1616828250_344.jpg,//d22dk94hfc1k6q.cloudfront.net/pa/750-560/367419/41164612/41164612_1616828250_807.jpg,//d22dk94hfc1k6q.cloudfront.net/pa/750-560/367419/41164612/41164612_1616828250_572.jpg,//d22dk94hfc1k6q.cloudfront.net/pa/750-560/367419/41164612/41164612_1616828250_846.jpg",Excavators,Construction Equipment,Construction Equipment,Excavators,Crawler Excavators,Crawler Excavators,Caterpillar 320-07   P,https://www.machineryzone.com/used/crawler-excavator/41164612/caterpillar-320-07-p.html,USA,Caterpillar,320-07   P,,,,,,,//d22dk94hfc1k6q.cloudfront.net/none/220-160/367419/41164612/41164612_1616394712_398.jpg,,,,,,,,,,,,,,,,,,,USA,,,EMPIRE MACHINERY CO,,,,,,,,,,2021
,sale,USA,,,,"//d22dk94hfc1k6q.cloudfront.net/pa/750-560/367419/41164611/41164611_1616828231_32.jpg,//d22dk94hfc1k6q.cloudfront.net/pa/750-560/367419/41164611/41164611_1616828231_578.jpg,//d22dk94hfc1k6q.cloudfront.net/pa/750-560/367419/41164611/41164611_1616828231_940.jpg,//d22dk94hfc1k6q.cloudfront.net/pa/750-560/367419/41164611/41164611_1616828231_136.jpg,//d22dk94hfc1k6q.cloudfront.net/pa/750-560/367419/41164611/41164611_1616828231_198.jpg,//d22dk94hfc1k6q.cloudfront.net/pa/750-560/367419/41164611/41164611_1616828231_348.jpg,//d22dk94hfc1k6q.cloudfront.net/pa/750-560/367419/41164611/41164611_1616828231_416.jpg,//d22dk94hfc1k6q.cloudfront.net/pa/750-560/367419/41164611/41164611_1616828231_179.jpg,//d22dk94hfc1k6q.cloudfront.net/pa/750-560/367419/41164611/41164611_1616828231_66.jpg,//d22dk94hfc1k6q.cloudfront.net/pa/750-560/367419/41164611/41164611_1616828231_531.jpg",Excavators,Construction Equipment,Construction Equipment,Excavators,Crawler Excavators,Crawler Excavators,Caterpillar 310-07,https://www.machineryzone.com/used/crawler-excavator/41164611/caterpillar-310-07.html,USA,Caterpillar,310-07,,,,,,,//d22dk94hfc1k6q.cloudfront.net/none/220-160/367419/41164611/41164611_1616394692_545.jpg,,,,,,,,,,,,,,,,,,,USA,,,EMPIRE MACHINERY CO,,,,,,,,,,2021
,sale,USA,,,,"//d22dk94hfc1k6q.cloudfront.net/pa/750-560/367419/41164613/41164613_1616828261_598.jpg,//d22dk94hfc1k6q.cloudfront.net/pa/750-560/367419/41164613/41164613_1616828261_296.jpg,//d22dk94hfc1k6q.cloudfront.net/pa/750-560/367419/41164613/41164613_1616828261_90.jpg,//d22dk94hfc1k6q.cloudfront.net/pa/750-560/367419/41164613/41164613_1616828261_183.jpg,//d22dk94hfc1k6q.cloudfront.net/pa/750-560/367419/41164613/41164613_1616828261_498.jpg,//d22dk94hfc1k6q.cloudfront.net/pa/750-560/367419/41164613/41164613_1616828261_488.jpg,//d22dk94hfc1k6q.cloudfront.net/pa/750-560/367419/41164613/41164613_1616828261_228.jpg,//d22dk94hfc1k6q.cloudfront.net/pa/750-560/367419/41164613/41164613_1616828261_801.jpg,//d22dk94hfc1k6q.cloudfront.net/pa/750-560/367419/41164613/41164613_1616828261_331.jpg,//d22dk94hfc1k6q.cloudfront.net/pa/750-560/367419/41164613/41164613_1616828261_42.jpg",Excavators,Construction Equipment,Construction Equipment,Excavators,Crawler Excavators,Crawler Excavators,Caterpillar 306-07 OR,https://www.machineryzone.com/used/crawler-excavator/41164613/caterpillar-306-07-or.html,USA,Caterpillar,306-07 OR,,,,,,,//d22dk94hfc1k6q.cloudfront.net/none/220-160/367419/41164613/41164613_1616394718_980.jpg,,,,,,,,,,,,,,,,,,,USA,,,EMPIRE MACHINERY CO,,,,,,,,,,2021
,sale,USA,,,,"//d22dk94hfc1k6q.cloudfront.net/pa/750-560/1863256/40993901/40993901_1613666945_495.jpg,//d22dk94hfc1k6q.cloudfront.net/pa/750-560/1863256/40993901/40993901_1613666945_880.jpg,//d22dk94hfc1k6q.cloudfront.net/pa/750-560/1863256/40993901/40993901_1613666946_488.jpg",Excavators,Construction Equipment,Construction Equipment,Excavators,Crawler Excavators,Crawler Excavators,Caterpillar 330CL,https://www.machineryzone.com/used/crawler-excavator/40993901/caterpillar-330cl.html,USA,Caterpillar,330CL,,,,,,,//d22dk94hfc1k6q.cloudfront.net/none/220-160/1863256/40993901/40993901_1613666945_495.jpg,,,,,,,,,,,,,,,,,,,USA,,,CONSTRUCTION TRADERS USA LLC,,,,,,,,,,2006
,sale,USA,,,,"//d22dk94hfc1k6q.cloudfront.net/pa/750-560/367419/41164615/41164615_1616828272_908.jpg,//d22dk94hfc1k6q.cloudfront.net/pa/750-560/367419/41164615/41164615_1616828272_64.jpg,//d22dk94hfc1k6q.cloudfront.net/pa/750-560/367419/41164615/41164615_1616828272_785.jpg,//d22dk94hfc1k6q.cloudfront.net/pa/750-560/367419/41164615/41164615_1616828272_90.jpg,//d22dk94hfc1k6q.cloudfront.net/pa/750-560/367419/41164615/41164615_1616828272_644.jpg,//d22dk94hfc1k6q.cloudfront.net/pa/750-560/367419/41164615/41164615_1616828272_530.jpg,//d22dk94hfc1k6q.cloudfront.net/pa/750-560/367419/41164615/41164615_1616828272_934.jpg,//d22dk94hfc1k6q.cloudfront.net/pa/750-560/367419/41164615/41164615_1616828272_880.jpg,//d22dk94hfc1k6q.cloudfront.net/pa/750-560/367419/41164615/41164615_1616828272_921.jpg",Excavators,Construction Equipment,Construction Equipment,Excavators,Crawler Excavators,Crawler Excavators,Caterpillar 307.5-07,https://www.machineryzone.com/used/crawler-excavator/41164615/caterpillar-307-5-07.html,USA,Caterpillar,307.5-07,,,,,,,//d22dk94hfc1k6q.cloudfront.net/none/220-160/367419/41164615/41164615_1616394729_366.jpg,,,,,,,,,,,,,,,,,,,USA,,,EMPIRE MACHINERY CO,,,,,,,,,,2021
,sale,USA,,,,"//d22dk94hfc1k6q.cloudfront.net/pa/750-560/367419/41164616/41164616_1616828278_21.jpg,//d22dk94hfc1k6q.cloudfront.net/pa/750-560/367419/41164616/41164616_1616828278_303.jpg,//d22dk94hfc1k6q.cloudfront.net/pa/750-560/367419/41164616/41164616_1616828278_255.jpg,//d22dk94hfc1k6q.cloudfront.net/pa/750-560/367419/41164616/41164616_1616828278_658.jpg,//d22dk94hfc1k6q.cloudfront.net/pa/750-560/367419/41164616/41164616_1616828278_312.jpg,//d22dk94hfc1k6q.cloudfront.net/pa/750-560/367419/41164616/41164616_1616828278_757.jpg,//d22dk94hfc1k6q.cloudfront.net/pa/750-560/367419/41164616/41164616_1616828278_681.jpg,//d22dk94hfc1k6q.cloudfront.net/pa/750-560/367419/41164616/41164616_1616828278_430.jpg,//d22dk94hfc1k6q.cloudfront.net/pa/750-560/367419/41164616/41164616_1616828278_364.jpg,//d22dk94hfc1k6q.cloudfront.net/pa/750-560/367419/41164616/41164616_1616828278_491.jpg",Excavators,Construction Equipment,Construction Equipment,Excavators,Crawler Excavators,Crawler Excavators,Caterpillar 308-07,https://www.machineryzone.com/used/crawler-excavator/41164616/caterpillar-308-07.html,USA,Caterpillar,308-07,,,,,,,//d22dk94hfc1k6q.cloudfront.net/none/220-160/367419/41164616/41164616_1616394734_343.jpg,,,,,,,,,,,,,,,,,,,USA,,,EMPIRE MACHINERY CO,,,,,,,,,,2021
,sale,USA,,,,"//d22dk94hfc1k6q.cloudfront.net/pa/750-560/367419/41164614/41164614_1616828268_198.jpg,//d22dk94hfc1k6q.cloudfront.net/pa/750-560/367419/41164614/41164614_1616828268_586.jpg,//d22dk94hfc1k6q.cloudfront.net/pa/750-560/367419/41164614/41164614_1616828268_650.jpg,//d22dk94hfc1k6q.cloudfront.net/pa/750-560/367419/41164614/41164614_1616828268_715.jpg,//d22dk94hfc1k6q.cloudfront.net/pa/750-560/367419/41164614/41164614_1616828268_933.jpg,//d22dk94hfc1k6q.cloudfront.net/pa/750-560/367419/41164614/41164614_1616828268_209.jpg,//d22dk94hfc1k6q.cloudfront.net/pa/750-560/367419/41164614/41164614_1616828268_618.jpg",Excavators,Construction Equipment,Construction Equipment,Excavators,Crawler Excavators,Crawler Excavators,Caterpillar 307.5-07,https://www.machineryzone.com/used/crawler-excavator/41164614/caterpillar-307-5-07.html,USA,Caterpillar,307.5-07,,,,,,,//d22dk94hfc1k6q.cloudfront.net/none/220-160/367419/41164614/41164614_1616394725_736.jpg,,,,,,,,,,,,,,,,,,,USA,,,EMPIRE MACHINERY CO,,,,,,,,,,2021
,sale,USA,,,,"//d22dk94hfc1k6q.cloudfront.net/pa/750-560/367419/41164619/41164619_1616828284_505.jpg,//d22dk94hfc1k6q.cloudfront.net/pa/750-560/367419/41164619/41164619_1616828284_409.jpg,//d22dk94hfc1k6q.cloudfront.net/pa/750-560/367419/41164619/41164619_1616828284_599.jpg,//d22dk94hfc1k6q.cloudfront.net/pa/750-560/367419/41164619/41164619_1616828284_894.jpg,//d22dk94hfc1k6q.cloudfront.net/pa/750-560/367419/41164619/41164619_1616828284_779.jpg,//d22dk94hfc1k6q.cloudfront.net/pa/750-560/367419/41164619/41164619_1616828284_781.jpg,//d22dk94hfc1k6q.cloudfront.net/pa/750-560/367419/41164619/41164619_1616828284_93.jpg,//d22dk94hfc1k6q.cloudfront.net/pa/750-560/367419/41164619/41164619_1616828284_360.jpg,//d22dk94hfc1k6q.cloudfront.net/pa/750-560/367419/41164619/41164619_1616828284_696.jpg,//d22dk94hfc1k6q.cloudfront.net/pa/750-560/367419/41164619/41164619_1616828284_386.jpg",Excavators,Construction Equipment,Construction Equipment,Excavators,Crawler Excavators,Crawler Excavators,Caterpillar 308-07,https://www.machineryzone.com/used/crawler-excavator/41164619/caterpillar-308-07.html,USA,Caterpillar,308-07,,,,,,,//d22dk94hfc1k6q.cloudfront.net/none/220-160/367419/41164619/41164619_1616394740_611.jpg,,,,,,,,,,,,,,,,,,,USA,,,EMPIRE MACHINERY CO,,,,,,,,,,2021
,sale,USA,,,,"//d22dk94hfc1k6q.cloudfront.net/pa/750-560/367419/41164622/41164622_1616828290_979.jpg,//d22dk94hfc1k6q.cloudfront.net/pa/750-560/367419/41164622/41164622_1616828290_293.jpg,//d22dk94hfc1k6q.cloudfront.net/pa/750-560/367419/41164622/41164622_1616828290_676.jpg,//d22dk94hfc1k6q.cloudfront.net/pa/750-560/367419/41164622/41164622_1616828290_967.jpg,//d22dk94hfc1k6q.cloudfront.net/pa/750-560/367419/41164622/41164622_1616828290_795.jpg,//d22dk94hfc1k6q.cloudfront.net/pa/750-560/367419/41164622/41164622_1616828290_704.jpg,//d22dk94hfc1k6q.cloudfront.net/pa/750-560/367419/41164622/41164622_1616828290_44.jpg,//d22dk94hfc1k6q.cloudfront.net/pa/750-560/367419/41164622/41164622_1616828290_732.jpg,//d22dk94hfc1k6q.cloudfront.net/pa/750-560/367419/41164622/41164622_1616828290_522.jpg,//d22dk94hfc1k6q.cloudfront.net/pa/750-560/367419/41164622/41164622_1616828290_595.jpg",Excavators,Construction Equipment,Construction Equipment,Excavators,Crawler Excavators,Crawler Excavators,Caterpillar 308-07,https://www.machineryzone.com/used/crawler-excavator/41164622/caterpillar-308-07.html,USA,Caterpillar,308-07,,,,,,,//d22dk94hfc1k6q.cloudfront.net/none/220-160/367419/41164622/41164622_1616394747_736.jpg,,,,,,,,,,,,,,,,,,,USA,,,EMPIRE MACHINERY CO,,,,,,,,,,2021
,sale,USA,,,,"//d22dk94hfc1k6q.cloudfront.net/pa/750-560/367419/41164623/41164623_1616828296_204.jpg,//d22dk94hfc1k6q.cloudfront.net/pa/750-560/367419/41164623/41164623_1616828296_668.jpg,//d22dk94hfc1k6q.cloudfront.net/pa/750-560/367419/41164623/41164623_1616828296_732.jpg,//d22dk94hfc1k6q.cloudfront.net/pa/750-560/367419/41164623/41164623_1616828296_473.jpg,//d22dk94hfc1k6q.cloudfront.net/pa/750-560/367419/41164623/41164623_1616828296_299.jpg,//d22dk94hfc1k6q.cloudfront.net/pa/750-560/367419/41164623/41164623_1616828296_612.jpg,//d22dk94hfc1k6q.cloudfront.net/pa/750-560/367419/41164623/41164623_1616828296_244.jpg,//d22dk94hfc1k6q.cloudfront.net/pa/750-560/367419/41164623/41164623_1616828296_44.jpg,//d22dk94hfc1k6q.cloudfront.net/pa/750-560/367419/41164623/41164623_1616828296_377.jpg,//d22dk94hfc1k6q.cloudfront.net/pa/750-560/367419/41164623/41164623_1616828296_255.jpg",Excavators,Construction Equipment,Construction Equipment,Excavators,Crawler Excavators,Crawler Excavators,Caterpillar 307.5-07,https://www.machineryzone.com/used/crawler-excavator/41164623/caterpillar-307-5-07.html,USA,Caterpillar,307.5-07,,,,,,,//d22dk94hfc1k6q.cloudfront.net/none/220-160/367419/41164623/41164623_1616394753_396.jpg,,,,,,,,,,,,,,,,,,,USA,,,EMPIRE MACHINERY CO,,,,,,,,,,2021
,sale,USA,,,,"//d22dk94hfc1k6q.cloudfront.net/pa/750-560/618064/41164264/41164264_1616135596_397.jpg,//d22dk94hfc1k6q.cloudfront.net/pa/750-560/618064/41164264/41164264_1616135596_891.jpg,//d22dk94hfc1k6q.cloudfront.net/pa/750-560/618064/41164264/41164264_1616135596_312.jpg,//d22dk94hfc1k6q.cloudfront.net/pa/750-560/618064/41164264/41164264_1616135596_390.jpg,//d22dk94hfc1k6q.cloudfront.net/pa/750-560/618064/41164264/41164264_1616135596_673.jpg,//d22dk94hfc1k6q.cloudfront.net/pa/750-560/618064/41164264/41164264_1616135596_158.jpg,//d22dk94hfc1k6q.cloudfront.net/pa/750-560/618064/41164264/41164264_1616135596_517.jpg,//d22dk94hfc1k6q.cloudfront.net/pa/750-560/618064/41164264/41164264_1616135596_729.jpg,//d22dk94hfc1k6q.cloudfront.net/pa/750-560/618064/41164264/41164264_1616135596_361.jpg,//d22dk94hfc1k6q.cloudfront.net/pa/750-560/618064/41164264/41164264_1616135596_193.jpg",Excavators,Construction Equipment,Construction Equipment,Excavators,Crawler Excavators,Crawler Excavators,Kubota KX080,https://www.machineryzone.com/used/crawler-excavator/41164264/kubota-kx080.html,USA,Kubota,KX080,,,,,,,//d22dk94hfc1k6q.cloudfront.net/none/220-160/618064/41164264/41164264_1616135596_397.jpg,,,,,,,,,,,,,,,,,,,USA,,,Select Vehicle Marketing,,,,,,,,,,2009
,sale,USA,,,,"//d22dk94hfc1k6q.cloudfront.net/pa/750-560/369026/41163767/41163767_1616111557_127.jpg,//d22dk94hfc1k6q.cloudfront.net/pa/750-560/369026/41163767/41163767_1616111557_535.jpg,//d22dk94hfc1k6q.cloudfront.net/pa/750-560/369026/41163767/41163767_1616111557_891.jpg,//d22dk94hfc1k6q.cloudfront.net/pa/750-560/369026/41163767/41163767_1616111557_885.jpg,//d22dk94hfc1k6q.cloudfront.net/pa/750-560/369026/41163767/41163767_1616111557_558.jpg,//d22dk94hfc1k6q.cloudfront.net/pa/750-560/369026/41163767/41163767_1616111557_730.jpg,//d22dk94hfc1k6q.cloudfront.net/pa/750-560/369026/41163767/41163767_1616111557_456.jpg,//d22dk94hfc1k6q.cloudfront.net/pa/750-560/369026/41163767/41163767_1616111557_242.jpg,//d22dk94hfc1k6q.cloudfront.net/pa/750-560/369026/41163767/41163767_1616111557_707.jpg,//d22dk94hfc1k6q.cloudfront.net/pa/750-560/369026/41163767/41163767_1616111557_743.jpg",Excavators,Construction Equipment,Construction Equipment,Excavators,Crawler Excavators,Crawler Excavators,Caterpillar 336EL,https://www.machineryzone.com/used/crawler-excavator/41163767/caterpillar-336el.html,USA,Caterpillar,336EL,,,,,,,//d22dk94hfc1k6q.cloudfront.net/none/220-160/369026/41163767/41163767_1616111557_127.jpg,,,,,,,,,,,,,,,,,,,USA,,,Company Wrench,,,,,,,,,,2013
,sale,USA,,,,"//d22dk94hfc1k6q.cloudfront.net/pa/750-560/471567/41163813/41163813_1616111983_25.jpg,//d22dk94hfc1k6q.cloudfront.net/pa/750-560/471567/41163813/41163813_1616111983_305.jpg,//d22dk94hfc1k6q.cloudfront.net/pa/750-560/471567/41163813/41163813_1616111983_955.jpg,//d22dk94hfc1k6q.cloudfront.net/pa/750-560/471567/41163813/41163813_1616111983_174.jpg,//d22dk94hfc1k6q.cloudfront.net/pa/750-560/471567/41163813/41163813_1616111983_721.jpg,//d22dk94hfc1k6q.cloudfront.net/pa/750-560/471567/41163813/41163813_1616111983_41.jpg",Excavators,Construction Equipment,Construction Equipment,Excavators,Crawler Excavators,Crawler Excavators,Deere 490,https://www.machineryzone.com/used/crawler-excavator/41163813/deere-490.html,USA,Deere,490,,,,,,,//d22dk94hfc1k6q.cloudfront.net/none/220-160/471567/41163813/41163813_1616111983_25.jpg,,,,,,,,,,,,,,,,,,,USA,,,Lano Equipment,,,,,,,,,,1994
,sale,USA,,,,,Excavators,Construction Equipment,Construction Equipment,Excavators,Crawler Excavators,Crawler Excavators,Sany SY265CLR,https://www.machineryzone.com/new/crawler-excavator/41166440/sany-sy265clr.html,USA,Sany,SY265CLR,,,,,,,nan,,,,,,,,,,,,,,,,,,,USA,,,NEWMAN TRACTOR,,,,,,,,,,2021
,sale,USA,,,,"//d22dk94hfc1k6q.cloudfront.net/pa/750-560/223938/41163718/41163718_1616458732_468.jpg,//d22dk94hfc1k6q.cloudfront.net/pa/750-560/223938/41163718/41163718_1616111111_625.jpg,//d22dk94hfc1k6q.cloudfront.net/pa/750-560/223938/41163718/41163718_1616111111_441.jpg,//d22dk94hfc1k6q.cloudfront.net/pa/750-560/223938/41163718/41163718_1616111111_228.jpg,//d22dk94hfc1k6q.cloudfront.net/pa/750-560/223938/41163718/41163718_1616111111_339.jpg,//d22dk94hfc1k6q.cloudfront.net/pa/750-560/223938/41163718/41163718_1616111111_161.jpg,//d22dk94hfc1k6q.cloudfront.net/pa/750-560/223938/41163718/41163718_1616111111_935.jpg,//d22dk94hfc1k6q.cloudfront.net/pa/750-560/223938/41163718/41163718_1616111111_621.jpg,//d22dk94hfc1k6q.cloudfront.net/pa/750-560/223938/41163718/41163718_1616111111_968.jpg",Excavators,Construction Equipment,Construction Equipment,Excavators,Crawler Excavators,Crawler Excavators,Hitachi ZX350 LC-3,https://www.machineryzone.com/used/crawler-excavator/41163718/hitachi-zx350-lc-3.html,USA,Hitachi,ZX350 LC-3,,,,,,,//d22dk94hfc1k6q.cloudfront.net/none/220-160/223938/41163718/41163718_1616458732_468.jpg,,,,,,,,,,,,,,,,,,,USA,,,Hoerr Machinery,,,,,,,,,,2006
,sale,USA,,,,"//d22dk94hfc1k6q.cloudfront.net/pa/750-560/225129/41163720/41163720_1616111130_394.jpg,//d22dk94hfc1k6q.cloudfront.net/pa/750-560/225129/41163720/41163720_1616111130_682.jpg,//d22dk94hfc1k6q.cloudfront.net/pa/750-560/225129/41163720/41163720_1616111130_183.jpg,//d22dk94hfc1k6q.cloudfront.net/pa/750-560/225129/41163720/41163720_1616111130_444.jpg,//d22dk94hfc1k6q.cloudfront.net/pa/750-560/225129/41163720/41163720_1616111130_191.jpg,//d22dk94hfc1k6q.cloudfront.net/pa/750-560/225129/41163720/41163720_1616111130_59.jpg,//d22dk94hfc1k6q.cloudfront.net/pa/750-560/225129/41163720/41163720_1616111130_161.jpg,//d22dk94hfc1k6q.cloudfront.net/pa/750-560/225129/41163720/41163720_1616111130_791.jpg,//d22dk94hfc1k6q.cloudfront.net/pa/750-560/225129/41163720/41163720_1616111130_663.jpg,//d22dk94hfc1k6q.cloudfront.net/pa/750-560/225129/41163720/41163720_1616111130_366.jpg",Excavators,Construction Equipment,Construction Equipment,Excavators,Crawler Excavators,Crawler Excavators,Komatsu PC210 LC-11,https://www.machineryzone.com/used/crawler-excavator/41163720/komatsu-pc210-lc-11.html,USA,Komatsu,PC210 LC-11,,,,,,,//d22dk94hfc1k6q.cloudfront.net/none/220-160/225129/41163720/41163720_1616111130_394.jpg,,,,,,,,,,,,,,,,,,,USA,,,ROAD MACHINERY & SUPPLIES CO. (IL),,,,,,,,,,2017
,sale,USA,,,,,Excavators,Construction Equipment,Construction Equipment,Excavators,Crawler Excavators,Crawler Excavators,Sany SY265CLR,https://www.machineryzone.com/new/crawler-excavator/41166441/sany-sy265clr.html,USA,Sany,SY265CLR,,,,,,,nan,,,,,,,,,,,,,,,,,,,USA,,,NEWMAN TRACTOR,,,,,,,,,,2021
,sale,USA,,,,"//d22dk94hfc1k6q.cloudfront.net/pa/750-560/488042/41166552/41166552_1616198797_744.jpg,//d22dk94hfc1k6q.cloudfront.net/pa/750-560/488042/41166552/41166552_1616198797_36.jpg,//d22dk94hfc1k6q.cloudfront.net/pa/750-560/488042/41166552/41166552_1616198797_706.jpg,//d22dk94hfc1k6q.cloudfront.net/pa/750-560/488042/41166552/41166552_1616198797_332.jpg",Excavators,Construction Equipment,Construction Equipment,Excavators,Crawler Excavators,Crawler Excavators,Komatsu PC120-6E0,https://www.machineryzone.com/used/crawler-excavator/41166552/komatsu-pc120-6e0.html,USA,Komatsu,PC120-6E0,,,,,,,//d22dk94hfc1k6q.cloudfront.net/none/220-160/488042/41166552/41166552_1616198797_744.jpg,,,,,,,,,,,,,,,,,,,USA,,,Milam Equipment,,,,,,,,,,2004
,sale,USA,,,,"//d22dk94hfc1k6q.cloudfront.net/pa/750-560/488042/41166553/41166553_1616198799_747.jpg,//d22dk94hfc1k6q.cloudfront.net/pa/750-560/488042/41166553/41166553_1616198799_701.jpg,//d22dk94hfc1k6q.cloudfront.net/pa/750-560/488042/41166553/41166553_1616198799_165.jpg,//d22dk94hfc1k6q.cloudfront.net/pa/750-560/488042/41166553/41166553_1616198799_635.jpg,//d22dk94hfc1k6q.cloudfront.net/pa/750-560/488042/41166553/41166553_1616198799_539.jpg",Excavators,Construction Equipment,Construction Equipment,Excavators,Crawler Excavators,Crawler Excavators,Caterpillar 321D LCR,https://www.machineryzone.com/used/crawler-excavator/41166553/caterpillar-321d-lcr.html,USA,Caterpillar,321D LCR,,,,,,,//d22dk94hfc1k6q.cloudfront.net/none/220-160/488042/41166553/41166553_1616198799_747.jpg,,,,,,,,,,,,,,,,,,,USA,,,Milam Equipment,,,,,,,,,,2013
